run_id,model_family,model_variant,train_size_label,seed,split,bin,bin_left,bin_right,bin_midpoint,row_count,avg_pred,empirical_pass_rate,ECE
strict__M1_TFIDF__baseline__full__seed42,M1_TFIDF,baseline,full,42,test,0,0.0,0.1,0.05,3976,0.03400786519546467,0.009808853118712274,0.2050191711610086
strict__M1_TFIDF__baseline__full__seed42,M1_TFIDF,baseline,full,42,test,1,0.1,0.2,0.15000000000000002,1771,0.14772686134247642,0.020892151326933936,0.2050191711610086
strict__M1_TFIDF__baseline__full__seed42,M1_TFIDF,baseline,full,42,test,2,0.2,0.30000000000000004,0.25,1339,0.2480140039843352,0.043315907393577296,0.2050191711610086
strict__M1_TFIDF__baseline__full__seed42,M1_TFIDF,baseline,full,42,test,3,0.30000000000000004,0.4,0.35000000000000003,1237,0.35049387448818914,0.07760711398544867,0.2050191711610086
strict__M1_TFIDF__baseline__full__seed42,M1_TFIDF,baseline,full,42,test,4,0.4,0.5,0.45,1157,0.45041959658715885,0.1633535004321521,0.2050191711610086
strict__M1_TFIDF__baseline__full__seed42,M1_TFIDF,baseline,full,42,test,5,0.5,0.6000000000000001,0.55,1210,0.5513578533141081,0.26694214876033057,0.2050191711610086
strict__M1_TFIDF__baseline__full__seed42,M1_TFIDF,baseline,full,42,test,6,0.6000000000000001,0.7000000000000001,0.6500000000000001,1233,0.650585319729037,0.3422546634225466,0.2050191711610086
strict__M1_TFIDF__baseline__full__seed42,M1_TFIDF,baseline,full,42,test,7,0.7000000000000001,0.8,0.75,1192,0.7489903457712808,0.40604026845637586,0.2050191711610086
strict__M1_TFIDF__baseline__full__seed42,M1_TFIDF,baseline,full,42,test,8,0.8,0.9,0.8500000000000001,890,0.8446856958812542,0.43258426966292135,0.2050191711610086
strict__M1_TFIDF__baseline__full__seed42,M1_TFIDF,baseline,full,42,test,9,0.9,1.0,0.95,257,0.9279193193995999,0.30739299610894943,0.2050191711610086
strict__M1_TFIDF__baseline__full__seed42,M1_TFIDF,baseline,full,42,val,0,0.0,0.1,0.05,1671,0.03287491211538844,0.011968880909634948,0.08648871801619143
strict__M1_TFIDF__baseline__full__seed42,M1_TFIDF,baseline,full,42,val,1,0.1,0.2,0.15000000000000002,714,0.14792381622502448,0.04061624649859944,0.08648871801619143
strict__M1_TFIDF__baseline__full__seed42,M1_TFIDF,baseline,full,42,val,2,0.2,0.30000000000000004,0.25,598,0.24805299389521812,0.0802675585284281,0.08648871801619143
strict__M1_TFIDF__baseline__full__seed42,M1_TFIDF,baseline,full,42,val,3,0.30000000000000004,0.4,0.35000000000000003,625,0.35014953737258914,0.1632,0.08648871801619143
strict__M1_TFIDF__baseline__full__seed42,M1_TFIDF,baseline,full,42,val,4,0.4,0.5,0.45,537,0.44967924138909166,0.21601489757914338,0.08648871801619143
strict__M1_TFIDF__baseline__full__seed42,M1_TFIDF,baseline,full,42,val,5,0.5,0.6000000000000001,0.55,571,0.5512586737054869,0.4115586690017513,0.08648871801619143
strict__M1_TFIDF__baseline__full__seed42,M1_TFIDF,baseline,full,42,val,6,0.6000000000000001,0.7000000000000001,0.6500000000000001,606,0.650952834205659,0.5841584158415841,0.08648871801619143
strict__M1_TFIDF__baseline__full__seed42,M1_TFIDF,baseline,full,42,val,7,0.7000000000000001,0.8,0.75,626,0.7505551274782553,0.7364217252396166,0.08648871801619143
strict__M1_TFIDF__baseline__full__seed42,M1_TFIDF,baseline,full,42,val,8,0.8,0.9,0.8500000000000001,635,0.8488121544282268,0.8409448818897638,0.08648871801619143
strict__M1_TFIDF__baseline__full__seed42,M1_TFIDF,baseline,full,42,val,9,0.9,1.0,0.95,257,0.9310700248651468,0.9182879377431906,0.08648871801619143
strict__M1_TFIDF__baseline__full__seed43,M1_TFIDF,baseline,full,43,test,0,0.0,0.1,0.05,3975,0.03399478516855456,0.009811320754716982,0.20499907407550563
strict__M1_TFIDF__baseline__full__seed43,M1_TFIDF,baseline,full,43,test,1,0.1,0.2,0.15000000000000002,1772,0.14770487998664783,0.0208803611738149,0.20499907407550563
strict__M1_TFIDF__baseline__full__seed43,M1_TFIDF,baseline,full,43,test,2,0.2,0.30000000000000004,0.25,1340,0.24805290932530788,0.04328358208955224,0.20499907407550563
strict__M1_TFIDF__baseline__full__seed43,M1_TFIDF,baseline,full,43,test,3,0.30000000000000004,0.4,0.35000000000000003,1236,0.35053053575426246,0.07766990291262135,0.20499907407550563
strict__M1_TFIDF__baseline__full__seed43,M1_TFIDF,baseline,full,43,test,4,0.4,0.5,0.45,1157,0.45040284144847476,0.1633535004321521,0.20499907407550563
strict__M1_TFIDF__baseline__full__seed43,M1_TFIDF,baseline,full,43,test,5,0.5,0.6000000000000001,0.55,1210,0.5513258084285357,0.26694214876033057,0.20499907407550563
strict__M1_TFIDF__baseline__full__seed43,M1_TFIDF,baseline,full,43,test,6,0.6000000000000001,0.7000000000000001,0.6500000000000001,1233,0.6505294474565393,0.3422546634225466,0.20499907407550563
strict__M1_TFIDF__baseline__full__seed43,M1_TFIDF,baseline,full,43,test,7,0.7000000000000001,0.8,0.75,1193,0.7489576917781814,0.4056999161777033,0.20499907407550563
strict__M1_TFIDF__baseline__full__seed43,M1_TFIDF,baseline,full,43,test,8,0.8,0.9,0.8500000000000001,889,0.8446546256609253,0.4330708661417323,0.20499907407550563
strict__M1_TFIDF__baseline__full__seed43,M1_TFIDF,baseline,full,43,test,9,0.9,1.0,0.95,257,0.9278607876384305,0.30739299610894943,0.20499907407550563
strict__M1_TFIDF__baseline__full__seed43,M1_TFIDF,baseline,full,43,val,0,0.0,0.1,0.05,1671,0.03287666023316791,0.011968880909634948,0.08646129952019223
strict__M1_TFIDF__baseline__full__seed43,M1_TFIDF,baseline,full,43,val,1,0.1,0.2,0.15000000000000002,714,0.14792398740054846,0.04061624649859944,0.08646129952019223
strict__M1_TFIDF__baseline__full__seed43,M1_TFIDF,baseline,full,43,val,2,0.2,0.30000000000000004,0.25,598,0.24804464284093883,0.0802675585284281,0.08646129952019223
strict__M1_TFIDF__baseline__full__seed43,M1_TFIDF,baseline,full,43,val,3,0.30000000000000004,0.4,0.35000000000000003,625,0.3501215163707733,0.1632,0.08646129952019223
strict__M1_TFIDF__baseline__full__seed43,M1_TFIDF,baseline,full,43,val,4,0.4,0.5,0.45,538,0.4497448352189755,0.2174721189591078,0.08646129952019223
strict__M1_TFIDF__baseline__full__seed43,M1_TFIDF,baseline,full,43,val,5,0.5,0.6000000000000001,0.55,570,0.5513056953748067,0.4105263157894737,0.08646129952019223
strict__M1_TFIDF__baseline__full__seed43,M1_TFIDF,baseline,full,43,val,6,0.6000000000000001,0.7000000000000001,0.6500000000000001,606,0.6509011692733261,0.5841584158415841,0.08646129952019223
strict__M1_TFIDF__baseline__full__seed43,M1_TFIDF,baseline,full,43,val,7,0.7000000000000001,0.8,0.75,626,0.7504881766086189,0.7364217252396166,0.08646129952019223
strict__M1_TFIDF__baseline__full__seed43,M1_TFIDF,baseline,full,43,val,8,0.8,0.9,0.8500000000000001,635,0.8487445916716508,0.8409448818897638,0.08646129952019223
strict__M1_TFIDF__baseline__full__seed43,M1_TFIDF,baseline,full,43,val,9,0.9,1.0,0.95,257,0.9310215087716217,0.9182879377431906,0.08646129952019223
strict__M1_TFIDF__baseline__full__seed44,M1_TFIDF,baseline,full,44,test,0,0.0,0.1,0.05,3975,0.033998611629961005,0.009811320754716982,0.20502449427604405
strict__M1_TFIDF__baseline__full__seed44,M1_TFIDF,baseline,full,44,test,1,0.1,0.2,0.15000000000000002,1772,0.14772223315409827,0.0208803611738149,0.20502449427604405
strict__M1_TFIDF__baseline__full__seed44,M1_TFIDF,baseline,full,44,test,2,0.2,0.30000000000000004,0.25,1340,0.2480799051251874,0.04328358208955224,0.20502449427604405
strict__M1_TFIDF__baseline__full__seed44,M1_TFIDF,baseline,full,44,test,3,0.30000000000000004,0.4,0.35000000000000003,1236,0.35056431181608283,0.07766990291262135,0.20502449427604405
strict__M1_TFIDF__baseline__full__seed44,M1_TFIDF,baseline,full,44,test,4,0.4,0.5,0.45,1155,0.450356647643176,0.16277056277056276,0.20502449427604405
strict__M1_TFIDF__baseline__full__seed44,M1_TFIDF,baseline,full,44,test,5,0.5,0.6000000000000001,0.55,1212,0.55128343929552,0.26732673267326734,0.20502449427604405
strict__M1_TFIDF__baseline__full__seed44,M1_TFIDF,baseline,full,44,test,6,0.6000000000000001,0.7000000000000001,0.6500000000000001,1233,0.6505738900429044,0.3422546634225466,0.20502449427604405
strict__M1_TFIDF__baseline__full__seed44,M1_TFIDF,baseline,full,44,test,7,0.7000000000000001,0.8,0.75,1193,0.7489999359831127,0.4056999161777033,0.20502449427604405
strict__M1_TFIDF__baseline__full__seed44,M1_TFIDF,baseline,full,44,test,8,0.8,0.9,0.8500000000000001,889,0.8446895371540056,0.4330708661417323,0.20502449427604405
strict__M1_TFIDF__baseline__full__seed44,M1_TFIDF,baseline,full,44,test,9,0.9,1.0,0.95,257,0.9278813684033049,0.30739299610894943,0.20502449427604405
strict__M1_TFIDF__baseline__full__seed44,M1_TFIDF,baseline,full,44,val,0,0.0,0.1,0.05,1671,0.032880877193281303,0.011968880909634948,0.08648878493927435
strict__M1_TFIDF__baseline__full__seed44,M1_TFIDF,baseline,full,44,val,1,0.1,0.2,0.15000000000000002,714,0.14794234659115807,0.04061624649859944,0.08648878493927435
strict__M1_TFIDF__baseline__full__seed44,M1_TFIDF,baseline,full,44,val,2,0.2,0.30000000000000004,0.25,598,0.2480741174623719,0.0802675585284281,0.08648878493927435
strict__M1_TFIDF__baseline__full__seed44,M1_TFIDF,baseline,full,44,val,3,0.30000000000000004,0.4,0.35000000000000003,625,0.3501610200405121,0.1632,0.08648878493927435
strict__M1_TFIDF__baseline__full__seed44,M1_TFIDF,baseline,full,44,val,4,0.4,0.5,0.45,538,0.4497871821033024,0.2174721189591078,0.08648878493927435
strict__M1_TFIDF__baseline__full__seed44,M1_TFIDF,baseline,full,44,val,5,0.5,0.6000000000000001,0.55,570,0.55135099396371,0.4105263157894737,0.08648878493927435
strict__M1_TFIDF__baseline__full__seed44,M1_TFIDF,baseline,full,44,val,6,0.6000000000000001,0.7000000000000001,0.6500000000000001,606,0.6509448762970789,0.5841584158415841,0.08648878493927435
strict__M1_TFIDF__baseline__full__seed44,M1_TFIDF,baseline,full,44,val,7,0.7000000000000001,0.8,0.75,626,0.750528705481904,0.7364217252396166,0.08648878493927435
strict__M1_TFIDF__baseline__full__seed44,M1_TFIDF,baseline,full,44,val,8,0.8,0.9,0.8500000000000001,635,0.8487765441729328,0.8409448818897638,0.08648878493927435
strict__M1_TFIDF__baseline__full__seed44,M1_TFIDF,baseline,full,44,val,9,0.9,1.0,0.95,257,0.931040105884641,0.9182879377431906,0.08648878493927435
strict__M3_mean__mean_pooling__40k__seed42,M3_mean,mean_pooling,40k,42,test,0,0.0,0.1,0.05,5129,0.040002237425797116,0.011698186781048937,0.21297021451937861
strict__M3_mean__mean_pooling__40k__seed42,M3_mean,mean_pooling,40k,42,test,1,0.1,0.2,0.15000000000000002,2003,0.14361916858511334,0.05341987019470794,0.21297021451937861
strict__M3_mean__mean_pooling__40k__seed42,M3_mean,mean_pooling,40k,42,test,2,0.2,0.30000000000000004,0.25,973,0.24720023494340165,0.12744090441932168,0.21297021451937861
strict__M3_mean__mean_pooling__40k__seed42,M3_mean,mean_pooling,40k,42,test,3,0.30000000000000004,0.4,0.35000000000000003,802,0.3498424220635112,0.14962593516209477,0.21297021451937861
strict__M3_mean__mean_pooling__40k__seed42,M3_mean,mean_pooling,40k,42,test,4,0.4,0.5,0.45,664,0.44982776072729064,0.16566265060240964,0.21297021451937861
strict__M3_mean__mean_pooling__40k__seed42,M3_mean,mean_pooling,40k,42,test,5,0.5,0.6000000000000001,0.55,611,0.5492900801173208,0.18003273322422259,0.21297021451937861
strict__M3_mean__mean_pooling__40k__seed42,M3_mean,mean_pooling,40k,42,test,6,0.6000000000000001,0.7000000000000001,0.6500000000000001,504,0.6491593055072284,0.23809523809523808,0.21297021451937861
strict__M3_mean__mean_pooling__40k__seed42,M3_mean,mean_pooling,40k,42,test,7,0.7000000000000001,0.8,0.75,655,0.7509598622795279,0.2916030534351145,0.21297021451937861
strict__M3_mean__mean_pooling__40k__seed42,M3_mean,mean_pooling,40k,42,test,8,0.8,0.9,0.8500000000000001,925,0.8547253807815346,0.3016216216216216,0.21297021451937861
strict__M3_mean__mean_pooling__40k__seed42,M3_mean,mean_pooling,40k,42,test,9,0.9,1.0,0.95,1996,0.9476268681770336,0.44639278557114226,0.21297021451937861
strict__M3_mean__mean_pooling__40k__seed42,M3_mean,mean_pooling,40k,42,val,0,0.0,0.1,0.05,1990,0.03845800590682681,0.01507537688442211,0.12222955613553643
strict__M3_mean__mean_pooling__40k__seed42,M3_mean,mean_pooling,40k,42,val,1,0.1,0.2,0.15000000000000002,875,0.14399768886395864,0.07771428571428571,0.12222955613553643
strict__M3_mean__mean_pooling__40k__seed42,M3_mean,mean_pooling,40k,42,val,2,0.2,0.30000000000000004,0.25,431,0.2447101158498335,0.13921113689095127,0.12222955613553643
strict__M3_mean__mean_pooling__40k__seed42,M3_mean,mean_pooling,40k,42,val,3,0.30000000000000004,0.4,0.35000000000000003,348,0.34736927847067517,0.22701149425287356,0.12222955613553643
strict__M3_mean__mean_pooling__40k__seed42,M3_mean,mean_pooling,40k,42,val,4,0.4,0.5,0.45,304,0.44732541473288284,0.22697368421052633,0.12222955613553643
strict__M3_mean__mean_pooling__40k__seed42,M3_mean,mean_pooling,40k,42,val,5,0.5,0.6000000000000001,0.55,316,0.5486885488410539,0.3575949367088608,0.12222955613553643
strict__M3_mean__mean_pooling__40k__seed42,M3_mean,mean_pooling,40k,42,val,6,0.6000000000000001,0.7000000000000001,0.6500000000000001,308,0.6529370569563532,0.3538961038961039,0.12222955613553643
strict__M3_mean__mean_pooling__40k__seed42,M3_mean,mean_pooling,40k,42,val,7,0.7000000000000001,0.8,0.75,352,0.7516924561086026,0.4943181818181818,0.12222955613553643
strict__M3_mean__mean_pooling__40k__seed42,M3_mean,mean_pooling,40k,42,val,8,0.8,0.9,0.8500000000000001,537,0.8548786033021227,0.6089385474860335,0.12222955613553643
strict__M3_mean__mean_pooling__40k__seed42,M3_mean,mean_pooling,40k,42,val,9,0.9,1.0,0.95,1379,0.948530464132598,0.8020304568527918,0.12222955613553643
strict__M3_mean__mean_pooling__40k__seed43,M3_mean,mean_pooling,40k,43,test,0,0.0,0.1,0.05,7010,0.03251951341268164,0.019971469329529243,0.14808599087101781
strict__M3_mean__mean_pooling__40k__seed43,M3_mean,mean_pooling,40k,43,test,1,0.1,0.2,0.15000000000000002,1803,0.14393696638936807,0.09761508596783139,0.14808599087101781
strict__M3_mean__mean_pooling__40k__seed43,M3_mean,mean_pooling,40k,43,test,2,0.2,0.30000000000000004,0.25,913,0.24468304128727802,0.15991237677984665,0.14808599087101781
strict__M3_mean__mean_pooling__40k__seed43,M3_mean,mean_pooling,40k,43,test,3,0.30000000000000004,0.4,0.35000000000000003,539,0.34495895133390053,0.20037105751391465,0.14808599087101781
strict__M3_mean__mean_pooling__40k__seed43,M3_mean,mean_pooling,40k,43,test,4,0.4,0.5,0.45,354,0.4477464102924207,0.22033898305084745,0.14808599087101781
strict__M3_mean__mean_pooling__40k__seed43,M3_mean,mean_pooling,40k,43,test,5,0.5,0.6000000000000001,0.55,297,0.5472524071783329,0.25925925925925924,0.14808599087101781
strict__M3_mean__mean_pooling__40k__seed43,M3_mean,mean_pooling,40k,43,test,6,0.6000000000000001,0.7000000000000001,0.6500000000000001,300,0.652293042143186,0.23666666666666666,0.14808599087101781
strict__M3_mean__mean_pooling__40k__seed43,M3_mean,mean_pooling,40k,43,test,7,0.7000000000000001,0.8,0.75,320,0.7564142441377044,0.278125,0.14808599087101781
strict__M3_mean__mean_pooling__40k__seed43,M3_mean,mean_pooling,40k,43,test,8,0.8,0.9,0.8500000000000001,509,0.8539506329300361,0.30648330058939094,0.14808599087101781
strict__M3_mean__mean_pooling__40k__seed43,M3_mean,mean_pooling,40k,43,test,9,0.9,1.0,0.95,2217,0.962452067573919,0.48308525033829497,0.14808599087101781
strict__M3_mean__mean_pooling__40k__seed43,M3_mean,mean_pooling,40k,43,val,0,0.0,0.1,0.05,2889,0.032754623172524255,0.0380754586362063,0.07278885188940043
strict__M3_mean__mean_pooling__40k__seed43,M3_mean,mean_pooling,40k,43,val,1,0.1,0.2,0.15000000000000002,864,0.1462269125558022,0.18981481481481483,0.07278885188940043
strict__M3_mean__mean_pooling__40k__seed43,M3_mean,mean_pooling,40k,43,val,2,0.2,0.30000000000000004,0.25,417,0.24479457385820164,0.2685851318944844,0.07278885188940043
strict__M3_mean__mean_pooling__40k__seed43,M3_mean,mean_pooling,40k,43,val,3,0.30000000000000004,0.4,0.35000000000000003,183,0.3434343044875098,0.34972677595628415,0.07278885188940043
strict__M3_mean__mean_pooling__40k__seed43,M3_mean,mean_pooling,40k,43,val,4,0.4,0.5,0.45,182,0.45354007250005074,0.34615384615384615,0.07278885188940043
strict__M3_mean__mean_pooling__40k__seed43,M3_mean,mean_pooling,40k,43,val,5,0.5,0.6000000000000001,0.55,155,0.5500634577966506,0.36774193548387096,0.07278885188940043
strict__M3_mean__mean_pooling__40k__seed43,M3_mean,mean_pooling,40k,43,val,6,0.6000000000000001,0.7000000000000001,0.6500000000000001,150,0.6516724530855814,0.54,0.07278885188940043
strict__M3_mean__mean_pooling__40k__seed43,M3_mean,mean_pooling,40k,43,val,7,0.7000000000000001,0.8,0.75,183,0.7521369336732749,0.4972677595628415,0.07278885188940043
strict__M3_mean__mean_pooling__40k__seed43,M3_mean,mean_pooling,40k,43,val,8,0.8,0.9,0.8500000000000001,324,0.8584308664739868,0.5925925925925926,0.07278885188940043
strict__M3_mean__mean_pooling__40k__seed43,M3_mean,mean_pooling,40k,43,val,9,0.9,1.0,0.95,1493,0.9627890582860754,0.8044206296048225,0.07278885188940043
strict__M3_mean__mean_pooling__40k__seed44,M3_mean,mean_pooling,40k,44,test,0,0.0,0.1,0.05,8013,0.020690513180254305,0.027954573817546485,0.14813764269760576
strict__M3_mean__mean_pooling__40k__seed44,M3_mean,mean_pooling,40k,44,test,1,0.1,0.2,0.15000000000000002,1071,0.1443993626884163,0.1400560224089636,0.14813764269760576
strict__M3_mean__mean_pooling__40k__seed44,M3_mean,mean_pooling,40k,44,test,2,0.2,0.30000000000000004,0.25,603,0.24413254446848906,0.18407960199004975,0.14813764269760576
strict__M3_mean__mean_pooling__40k__seed44,M3_mean,mean_pooling,40k,44,test,3,0.30000000000000004,0.4,0.35000000000000003,345,0.34909798762072686,0.24347826086956523,0.14813764269760576
strict__M3_mean__mean_pooling__40k__seed44,M3_mean,mean_pooling,40k,44,test,4,0.4,0.5,0.45,301,0.447168940325512,0.19933554817275748,0.14813764269760576
strict__M3_mean__mean_pooling__40k__seed44,M3_mean,mean_pooling,40k,44,test,5,0.5,0.6000000000000001,0.55,281,0.5482013119497333,0.22419928825622776,0.14813764269760576
strict__M3_mean__mean_pooling__40k__seed44,M3_mean,mean_pooling,40k,44,test,6,0.6000000000000001,0.7000000000000001,0.6500000000000001,319,0.6521925694516459,0.23824451410658307,0.14813764269760576
strict__M3_mean__mean_pooling__40k__seed44,M3_mean,mean_pooling,40k,44,test,7,0.7000000000000001,0.8,0.75,458,0.7512679988900647,0.2554585152838428,0.14813764269760576
strict__M3_mean__mean_pooling__40k__seed44,M3_mean,mean_pooling,40k,44,test,8,0.8,0.9,0.8500000000000001,786,0.8549935093514489,0.3256997455470738,0.14813764269760576
strict__M3_mean__mean_pooling__40k__seed44,M3_mean,mean_pooling,40k,44,test,9,0.9,1.0,0.95,2085,0.9627972199476594,0.4657074340527578,0.14813764269760576
strict__M3_mean__mean_pooling__40k__seed44,M3_mean,mean_pooling,40k,44,val,0,0.0,0.1,0.05,3457,0.022205462947725983,0.05496094879953717,0.0847437793919299
strict__M3_mean__mean_pooling__40k__seed44,M3_mean,mean_pooling,40k,44,val,1,0.1,0.2,0.15000000000000002,485,0.14339293408946893,0.2329896907216495,0.0847437793919299
strict__M3_mean__mean_pooling__40k__seed44,M3_mean,mean_pooling,40k,44,val,2,0.2,0.30000000000000004,0.25,258,0.2449384086815886,0.3023255813953488,0.0847437793919299
strict__M3_mean__mean_pooling__40k__seed44,M3_mean,mean_pooling,40k,44,val,3,0.30000000000000004,0.4,0.35000000000000003,168,0.3439296806852023,0.31547619047619047,0.0847437793919299
strict__M3_mean__mean_pooling__40k__seed44,M3_mean,mean_pooling,40k,44,val,4,0.4,0.5,0.45,133,0.4461958726545922,0.3383458646616541,0.0847437793919299
strict__M3_mean__mean_pooling__40k__seed44,M3_mean,mean_pooling,40k,44,val,5,0.5,0.6000000000000001,0.55,135,0.5511609594027201,0.4074074074074074,0.0847437793919299
strict__M3_mean__mean_pooling__40k__seed44,M3_mean,mean_pooling,40k,44,val,6,0.6000000000000001,0.7000000000000001,0.6500000000000001,157,0.6552867145295356,0.4840764331210191,0.0847437793919299
strict__M3_mean__mean_pooling__40k__seed44,M3_mean,mean_pooling,40k,44,val,7,0.7000000000000001,0.8,0.75,229,0.7539241883952544,0.5502183406113537,0.0847437793919299
strict__M3_mean__mean_pooling__40k__seed44,M3_mean,mean_pooling,40k,44,val,8,0.8,0.9,0.8500000000000001,498,0.8564712352542034,0.6104417670682731,0.0847437793919299
strict__M3_mean__mean_pooling__40k__seed44,M3_mean,mean_pooling,40k,44,val,9,0.9,1.0,0.95,1320,0.9610372147776863,0.8295454545454546,0.0847437793919299
strict__M3_mean__mean_pooling__full__seed42,M3_mean,mean_pooling,full,42,test,0,0.0,0.1,0.05,7767,0.01953161419943638,0.02858246427191966,0.15225910236746534
strict__M3_mean__mean_pooling__full__seed42,M3_mean,mean_pooling,full,42,test,1,0.1,0.2,0.15000000000000002,999,0.14507106349274917,0.13813813813813813,0.15225910236746534
strict__M3_mean__mean_pooling__full__seed42,M3_mean,mean_pooling,full,42,test,2,0.2,0.30000000000000004,0.25,688,0.24789194125942018,0.19912790697674418,0.15225910236746534
strict__M3_mean__mean_pooling__full__seed42,M3_mean,mean_pooling,full,42,test,3,0.30000000000000004,0.4,0.35000000000000003,503,0.3456243638608375,0.1988071570576541,0.15225910236746534
strict__M3_mean__mean_pooling__full__seed42,M3_mean,mean_pooling,full,42,test,4,0.4,0.5,0.45,378,0.4460017260104891,0.22486772486772486,0.15225910236746534
strict__M3_mean__mean_pooling__full__seed42,M3_mean,mean_pooling,full,42,test,5,0.5,0.6000000000000001,0.55,317,0.5491174856194938,0.20504731861198738,0.15225910236746534
strict__M3_mean__mean_pooling__full__seed42,M3_mean,mean_pooling,full,42,test,6,0.6000000000000001,0.7000000000000001,0.6500000000000001,346,0.6525193235777706,0.28034682080924855,0.15225910236746534
strict__M3_mean__mean_pooling__full__seed42,M3_mean,mean_pooling,full,42,test,7,0.7000000000000001,0.8,0.75,411,0.7540915361866174,0.2798053527980535,0.15225910236746534
strict__M3_mean__mean_pooling__full__seed42,M3_mean,mean_pooling,full,42,test,8,0.8,0.9,0.8500000000000001,790,0.8593759553341926,0.3493670886075949,0.15225910236746534
strict__M3_mean__mean_pooling__full__seed42,M3_mean,mean_pooling,full,42,test,9,0.9,1.0,0.95,2063,0.9426211609287974,0.4251090644692196,0.15225910236746534
strict__M3_mean__mean_pooling__full__seed42,M3_mean,mean_pooling,full,42,val,0,0.0,0.1,0.05,3279,0.020427703399500306,0.040866117718816715,0.07945390552645194
strict__M3_mean__mean_pooling__full__seed42,M3_mean,mean_pooling,full,42,val,1,0.1,0.2,0.15000000000000002,398,0.14461531042678272,0.18592964824120603,0.07945390552645194
strict__M3_mean__mean_pooling__full__seed42,M3_mean,mean_pooling,full,42,val,2,0.2,0.30000000000000004,0.25,292,0.2478570821758819,0.23972602739726026,0.07945390552645194
strict__M3_mean__mean_pooling__full__seed42,M3_mean,mean_pooling,full,42,val,3,0.30000000000000004,0.4,0.35000000000000003,233,0.34615991223011916,0.30042918454935624,0.07945390552645194
strict__M3_mean__mean_pooling__full__seed42,M3_mean,mean_pooling,full,42,val,4,0.4,0.5,0.45,151,0.4458198772360947,0.36423841059602646,0.07945390552645194
strict__M3_mean__mean_pooling__full__seed42,M3_mean,mean_pooling,full,42,val,5,0.5,0.6000000000000001,0.55,128,0.5477179335430264,0.375,0.07945390552645194
strict__M3_mean__mean_pooling__full__seed42,M3_mean,mean_pooling,full,42,val,6,0.6000000000000001,0.7000000000000001,0.6500000000000001,156,0.6504715959995221,0.46153846153846156,0.07945390552645194
strict__M3_mean__mean_pooling__full__seed42,M3_mean,mean_pooling,full,42,val,7,0.7000000000000001,0.8,0.75,199,0.7536609499298748,0.48743718592964824,0.07945390552645194
strict__M3_mean__mean_pooling__full__seed42,M3_mean,mean_pooling,full,42,val,8,0.8,0.9,0.8500000000000001,528,0.8615405879011659,0.5984848484848485,0.07945390552645194
strict__M3_mean__mean_pooling__full__seed42,M3_mean,mean_pooling,full,42,val,9,0.9,1.0,0.95,1476,0.9418714728135726,0.8123306233062331,0.07945390552645194
strict__M3_mean__mean_pooling__full__seed43,M3_mean,mean_pooling,full,43,test,0,0.0,0.1,0.05,7342,0.024219051676927155,0.02260964314900572,0.14950680801353483
strict__M3_mean__mean_pooling__full__seed43,M3_mean,mean_pooling,full,43,test,1,0.1,0.2,0.15000000000000002,1048,0.14514586802941698,0.09064885496183206,0.14950680801353483
strict__M3_mean__mean_pooling__full__seed43,M3_mean,mean_pooling,full,43,test,2,0.2,0.30000000000000004,0.25,612,0.2462247554091067,0.11601307189542484,0.14950680801353483
strict__M3_mean__mean_pooling__full__seed43,M3_mean,mean_pooling,full,43,test,3,0.30000000000000004,0.4,0.35000000000000003,502,0.3497368125801542,0.1553784860557769,0.14950680801353483
strict__M3_mean__mean_pooling__full__seed43,M3_mean,mean_pooling,full,43,test,4,0.4,0.5,0.45,535,0.4528630389231388,0.17943925233644858,0.14950680801353483
strict__M3_mean__mean_pooling__full__seed43,M3_mean,mean_pooling,full,43,test,5,0.5,0.6000000000000001,0.55,642,0.5519377010819325,0.2071651090342679,0.14950680801353483
strict__M3_mean__mean_pooling__full__seed43,M3_mean,mean_pooling,full,43,test,6,0.6000000000000001,0.7000000000000001,0.6500000000000001,667,0.6508396523467068,0.24587706146926536,0.14950680801353483
strict__M3_mean__mean_pooling__full__seed43,M3_mean,mean_pooling,full,43,test,7,0.7000000000000001,0.8,0.75,692,0.7492572765991178,0.2991329479768786,0.14950680801353483
strict__M3_mean__mean_pooling__full__seed43,M3_mean,mean_pooling,full,43,test,8,0.8,0.9,0.8500000000000001,658,0.8542342142493529,0.40425531914893614,0.14950680801353483
strict__M3_mean__mean_pooling__full__seed43,M3_mean,mean_pooling,full,43,test,9,0.9,1.0,0.95,1564,0.9442273607034513,0.5345268542199488,0.14950680801353483
strict__M3_mean__mean_pooling__full__seed43,M3_mean,mean_pooling,full,43,val,0,0.0,0.1,0.05,3082,0.02545481348515408,0.03666450356911097,0.06627001169938265
strict__M3_mean__mean_pooling__full__seed43,M3_mean,mean_pooling,full,43,val,1,0.1,0.2,0.15000000000000002,494,0.1413680142477939,0.1882591093117409,0.06627001169938265
strict__M3_mean__mean_pooling__full__seed43,M3_mean,mean_pooling,full,43,val,2,0.2,0.30000000000000004,0.25,291,0.2481370371641572,0.20962199312714777,0.06627001169938265
strict__M3_mean__mean_pooling__full__seed43,M3_mean,mean_pooling,full,43,val,3,0.30000000000000004,0.4,0.35000000000000003,231,0.35260598574365887,0.3116883116883117,0.06627001169938265
strict__M3_mean__mean_pooling__full__seed43,M3_mean,mean_pooling,full,43,val,4,0.4,0.5,0.45,215,0.45455939076667606,0.31627906976744186,0.06627001169938265
strict__M3_mean__mean_pooling__full__seed43,M3_mean,mean_pooling,full,43,val,5,0.5,0.6000000000000001,0.55,285,0.5510986903257538,0.3649122807017544,0.06627001169938265
strict__M3_mean__mean_pooling__full__seed43,M3_mean,mean_pooling,full,43,val,6,0.6000000000000001,0.7000000000000001,0.6500000000000001,295,0.6505783685183121,0.4,0.06627001169938265
strict__M3_mean__mean_pooling__full__seed43,M3_mean,mean_pooling,full,43,val,7,0.7000000000000001,0.8,0.75,381,0.7506687176509166,0.5800524934383202,0.06627001169938265
strict__M3_mean__mean_pooling__full__seed43,M3_mean,mean_pooling,full,43,val,8,0.8,0.9,0.8500000000000001,464,0.8550095645518139,0.7306034482758621,0.06627001169938265
strict__M3_mean__mean_pooling__full__seed43,M3_mean,mean_pooling,full,43,val,9,0.9,1.0,0.95,1102,0.9450737929711973,0.8584392014519057,0.06627001169938265
strict__M3_mean__mean_pooling__full__seed44,M3_mean,mean_pooling,full,44,test,0,0.0,0.1,0.05,8354,0.022521459670141623,0.03674886282020589,0.1339415348523933
strict__M3_mean__mean_pooling__full__seed44,M3_mean,mean_pooling,full,44,test,1,0.1,0.2,0.15000000000000002,1231,0.14268693925281736,0.1454102355808286,0.1339415348523933
strict__M3_mean__mean_pooling__full__seed44,M3_mean,mean_pooling,full,44,test,2,0.2,0.30000000000000004,0.25,546,0.24264394202620992,0.20695970695970695,0.1339415348523933
strict__M3_mean__mean_pooling__full__seed44,M3_mean,mean_pooling,full,44,test,3,0.30000000000000004,0.4,0.35000000000000003,321,0.3465750656580999,0.1838006230529595,0.1339415348523933
strict__M3_mean__mean_pooling__full__seed44,M3_mean,mean_pooling,full,44,test,4,0.4,0.5,0.45,267,0.44822586676601167,0.23595505617977527,0.1339415348523933
strict__M3_mean__mean_pooling__full__seed44,M3_mean,mean_pooling,full,44,test,5,0.5,0.6000000000000001,0.55,226,0.5516426186118506,0.23008849557522124,0.1339415348523933
strict__M3_mean__mean_pooling__full__seed44,M3_mean,mean_pooling,full,44,test,6,0.6000000000000001,0.7000000000000001,0.6500000000000001,269,0.6496043163161296,0.22676579925650558,0.1339415348523933
strict__M3_mean__mean_pooling__full__seed44,M3_mean,mean_pooling,full,44,test,7,0.7000000000000001,0.8,0.75,380,0.7508693244896437,0.27631578947368424,0.1339415348523933
strict__M3_mean__mean_pooling__full__seed44,M3_mean,mean_pooling,full,44,test,8,0.8,0.9,0.8500000000000001,734,0.8590677361884624,0.3079019073569482,0.1339415348523933
strict__M3_mean__mean_pooling__full__seed44,M3_mean,mean_pooling,full,44,test,9,0.9,1.0,0.95,1934,0.9489941659548167,0.48965873836608065,0.1339415348523933
strict__M3_mean__mean_pooling__full__seed44,M3_mean,mean_pooling,full,44,val,0,0.0,0.1,0.05,3472,0.02291789911644456,0.05069124423963134,0.08341288255930646
strict__M3_mean__mean_pooling__full__seed44,M3_mean,mean_pooling,full,44,val,1,0.1,0.2,0.15000000000000002,569,0.1413195121817304,0.2513181019332162,0.08341288255930646
strict__M3_mean__mean_pooling__full__seed44,M3_mean,mean_pooling,full,44,val,2,0.2,0.30000000000000004,0.25,247,0.2459958782080214,0.340080971659919,0.08341288255930646
strict__M3_mean__mean_pooling__full__seed44,M3_mean,mean_pooling,full,44,val,3,0.30000000000000004,0.4,0.35000000000000003,166,0.35142626694167955,0.42168674698795183,0.08341288255930646
strict__M3_mean__mean_pooling__full__seed44,M3_mean,mean_pooling,full,44,val,4,0.4,0.5,0.45,135,0.4513177143202888,0.37037037037037035,0.08341288255930646
strict__M3_mean__mean_pooling__full__seed44,M3_mean,mean_pooling,full,44,val,5,0.5,0.6000000000000001,0.55,127,0.545308354802019,0.4330708661417323,0.08341288255930646
strict__M3_mean__mean_pooling__full__seed44,M3_mean,mean_pooling,full,44,val,6,0.6000000000000001,0.7000000000000001,0.6500000000000001,128,0.6518229776993394,0.3984375,0.08341288255930646
strict__M3_mean__mean_pooling__full__seed44,M3_mean,mean_pooling,full,44,val,7,0.7000000000000001,0.8,0.75,191,0.7536190832472597,0.5235602094240838,0.08341288255930646
strict__M3_mean__mean_pooling__full__seed44,M3_mean,mean_pooling,full,44,val,8,0.8,0.9,0.8500000000000001,399,0.8583891355901733,0.5964912280701754,0.08341288255930646
strict__M3_mean__mean_pooling__full__seed44,M3_mean,mean_pooling,full,44,val,9,0.9,1.0,0.95,1406,0.9520410408675247,0.8307254623044097,0.08341288255930646
strict__M4_frozen__frozen_encoder__20k__seed42,M4_frozen,frozen_encoder,20k,42,test,0,0.0,0.1,0.05,7774,0.018720444589630517,0.04360689477746334,0.13192818169457757
strict__M4_frozen__frozen_encoder__20k__seed42,M4_frozen,frozen_encoder,20k,42,test,1,0.1,0.2,0.15000000000000002,1170,0.14499837130817592,0.12307692307692308,0.13192818169457757
strict__M4_frozen__frozen_encoder__20k__seed42,M4_frozen,frozen_encoder,20k,42,test,2,0.2,0.30000000000000004,0.25,787,0.24605162564802352,0.14866581956797967,0.13192818169457757
strict__M4_frozen__frozen_encoder__20k__seed42,M4_frozen,frozen_encoder,20k,42,test,3,0.30000000000000004,0.4,0.35000000000000003,619,0.3504335246679278,0.20032310177705978,0.13192818169457757
strict__M4_frozen__frozen_encoder__20k__seed42,M4_frozen,frozen_encoder,20k,42,test,4,0.4,0.5,0.45,572,0.4500423962628091,0.21503496503496503,0.13192818169457757
strict__M4_frozen__frozen_encoder__20k__seed42,M4_frozen,frozen_encoder,20k,42,test,5,0.5,0.6000000000000001,0.55,533,0.5484858280498583,0.2682926829268293,0.13192818169457757
strict__M4_frozen__frozen_encoder__20k__seed42,M4_frozen,frozen_encoder,20k,42,test,6,0.6000000000000001,0.7000000000000001,0.6500000000000001,528,0.6497389721599492,0.2708333333333333,0.13192818169457757
strict__M4_frozen__frozen_encoder__20k__seed42,M4_frozen,frozen_encoder,20k,42,test,7,0.7000000000000001,0.8,0.75,566,0.7501635490373673,0.3551236749116608,0.13192818169457757
strict__M4_frozen__frozen_encoder__20k__seed42,M4_frozen,frozen_encoder,20k,42,test,8,0.8,0.9,0.8500000000000001,669,0.8516599474466435,0.38266068759342303,0.13192818169457757
strict__M4_frozen__frozen_encoder__20k__seed42,M4_frozen,frozen_encoder,20k,42,test,9,0.9,1.0,0.95,1044,0.9518208238242687,0.5,0.13192818169457757
strict__M4_frozen__frozen_encoder__20k__seed42,M4_frozen,frozen_encoder,20k,42,val,0,0.0,0.1,0.05,3141,0.02046793520142749,0.05953517987901942,0.05900256806857947
strict__M4_frozen__frozen_encoder__20k__seed42,M4_frozen,frozen_encoder,20k,42,val,1,0.1,0.2,0.15000000000000002,575,0.1443094286452169,0.20869565217391303,0.05900256806857947
strict__M4_frozen__frozen_encoder__20k__seed42,M4_frozen,frozen_encoder,20k,42,val,2,0.2,0.30000000000000004,0.25,378,0.24667507189291496,0.23544973544973544,0.05900256806857947
strict__M4_frozen__frozen_encoder__20k__seed42,M4_frozen,frozen_encoder,20k,42,val,3,0.30000000000000004,0.4,0.35000000000000003,317,0.3483556278684538,0.3659305993690852,0.05900256806857947
strict__M4_frozen__frozen_encoder__20k__seed42,M4_frozen,frozen_encoder,20k,42,val,4,0.4,0.5,0.45,285,0.45090388111900864,0.3929824561403509,0.05900256806857947
strict__M4_frozen__frozen_encoder__20k__seed42,M4_frozen,frozen_encoder,20k,42,val,5,0.5,0.6000000000000001,0.55,287,0.5542902788634084,0.4808362369337979,0.05900256806857947
strict__M4_frozen__frozen_encoder__20k__seed42,M4_frozen,frozen_encoder,20k,42,val,6,0.6000000000000001,0.7000000000000001,0.6500000000000001,286,0.6495340162223869,0.5944055944055944,0.05900256806857947
strict__M4_frozen__frozen_encoder__20k__seed42,M4_frozen,frozen_encoder,20k,42,val,7,0.7000000000000001,0.8,0.75,332,0.7517198843051152,0.608433734939759,0.05900256806857947
strict__M4_frozen__frozen_encoder__20k__seed42,M4_frozen,frozen_encoder,20k,42,val,8,0.8,0.9,0.8500000000000001,479,0.8516171629344247,0.7306889352818372,0.05900256806857947
strict__M4_frozen__frozen_encoder__20k__seed42,M4_frozen,frozen_encoder,20k,42,val,9,0.9,1.0,0.95,760,0.9554994223149199,0.8565789473684211,0.05900256806857947
strict__M4_frozen__frozen_encoder__20k__seed43,M4_frozen,frozen_encoder,20k,43,test,0,0.0,0.1,0.05,7738,0.017606132309932472,0.03902817265443267,0.1398598061675495
strict__M4_frozen__frozen_encoder__20k__seed43,M4_frozen,frozen_encoder,20k,43,test,1,0.1,0.2,0.15000000000000002,1120,0.14410001637547143,0.12589285714285714,0.1398598061675495
strict__M4_frozen__frozen_encoder__20k__seed43,M4_frozen,frozen_encoder,20k,43,test,2,0.2,0.30000000000000004,0.25,750,0.2460568912823995,0.16133333333333333,0.1398598061675495
strict__M4_frozen__frozen_encoder__20k__seed43,M4_frozen,frozen_encoder,20k,43,test,3,0.30000000000000004,0.4,0.35000000000000003,572,0.3499138183839671,0.23601398601398602,0.1398598061675495
strict__M4_frozen__frozen_encoder__20k__seed43,M4_frozen,frozen_encoder,20k,43,test,4,0.4,0.5,0.45,515,0.451457781872703,0.229126213592233,0.1398598061675495
strict__M4_frozen__frozen_encoder__20k__seed43,M4_frozen,frozen_encoder,20k,43,test,5,0.5,0.6000000000000001,0.55,505,0.550870394706726,0.25742574257425743,0.1398598061675495
strict__M4_frozen__frozen_encoder__20k__seed43,M4_frozen,frozen_encoder,20k,43,test,6,0.6000000000000001,0.7000000000000001,0.6500000000000001,558,0.649245887033401,0.2992831541218638,0.1398598061675495
strict__M4_frozen__frozen_encoder__20k__seed43,M4_frozen,frozen_encoder,20k,43,test,7,0.7000000000000001,0.8,0.75,539,0.7511981408317367,0.3450834879406308,0.1398598061675495
strict__M4_frozen__frozen_encoder__20k__seed43,M4_frozen,frozen_encoder,20k,43,test,8,0.8,0.9,0.8500000000000001,631,0.8531413919952139,0.3438985736925515,0.1398598061675495
strict__M4_frozen__frozen_encoder__20k__seed43,M4_frozen,frozen_encoder,20k,43,test,9,0.9,1.0,0.95,1334,0.9569969177246094,0.4460269865067466,0.1398598061675495
strict__M4_frozen__frozen_encoder__20k__seed43,M4_frozen,frozen_encoder,20k,43,val,0,0.0,0.1,0.05,3099,0.018903329405294714,0.05388835108099387,0.07405402594059732
strict__M4_frozen__frozen_encoder__20k__seed43,M4_frozen,frozen_encoder,20k,43,val,1,0.1,0.2,0.15000000000000002,557,0.14417026323037258,0.20287253141831238,0.07405402594059732
strict__M4_frozen__frozen_encoder__20k__seed43,M4_frozen,frozen_encoder,20k,43,val,2,0.2,0.30000000000000004,0.25,352,0.2476050160740587,0.28125,0.07405402594059732
strict__M4_frozen__frozen_encoder__20k__seed43,M4_frozen,frozen_encoder,20k,43,val,3,0.30000000000000004,0.4,0.35000000000000003,303,0.34707756856880567,0.3201320132013201,0.07405402594059732
strict__M4_frozen__frozen_encoder__20k__seed43,M4_frozen,frozen_encoder,20k,43,val,4,0.4,0.5,0.45,246,0.4493787742969466,0.3983739837398374,0.07405402594059732
strict__M4_frozen__frozen_encoder__20k__seed43,M4_frozen,frozen_encoder,20k,43,val,5,0.5,0.6000000000000001,0.55,249,0.5502128957744583,0.37349397590361444,0.07405402594059732
strict__M4_frozen__frozen_encoder__20k__seed43,M4_frozen,frozen_encoder,20k,43,val,6,0.6000000000000001,0.7000000000000001,0.6500000000000001,241,0.6487785805310451,0.5311203319502075,0.07405402594059732
strict__M4_frozen__frozen_encoder__20k__seed43,M4_frozen,frozen_encoder,20k,43,val,7,0.7000000000000001,0.8,0.75,355,0.749858288529893,0.5633802816901409,0.07405402594059732
strict__M4_frozen__frozen_encoder__20k__seed43,M4_frozen,frozen_encoder,20k,43,val,8,0.8,0.9,0.8500000000000001,445,0.8513985696803318,0.6943820224719102,0.07405402594059732
strict__M4_frozen__frozen_encoder__20k__seed43,M4_frozen,frozen_encoder,20k,43,val,9,0.9,1.0,0.95,993,0.9621635155015121,0.8368580060422961,0.07405402594059732
strict__M4_frozen__frozen_encoder__20k__seed44,M4_frozen,frozen_encoder,20k,44,test,0,0.0,0.1,0.05,7611,0.020726836661974588,0.03849691236368414,0.11886880704721729
strict__M4_frozen__frozen_encoder__20k__seed44,M4_frozen,frozen_encoder,20k,44,test,1,0.1,0.2,0.15000000000000002,1344,0.1445180891148214,0.12574404761904762,0.11886880704721729
strict__M4_frozen__frozen_encoder__20k__seed44,M4_frozen,frozen_encoder,20k,44,test,2,0.2,0.30000000000000004,0.25,870,0.24831199274323454,0.1896551724137931,0.11886880704721729
strict__M4_frozen__frozen_encoder__20k__seed44,M4_frozen,frozen_encoder,20k,44,test,3,0.30000000000000004,0.4,0.35000000000000003,688,0.34944013831054055,0.2063953488372093,0.11886880704721729
strict__M4_frozen__frozen_encoder__20k__seed44,M4_frozen,frozen_encoder,20k,44,test,4,0.4,0.5,0.45,546,0.4492850061847177,0.2692307692307692,0.11886880704721729
strict__M4_frozen__frozen_encoder__20k__seed44,M4_frozen,frozen_encoder,20k,44,test,5,0.5,0.6000000000000001,0.55,543,0.5499166796879215,0.281767955801105,0.11886880704721729
strict__M4_frozen__frozen_encoder__20k__seed44,M4_frozen,frozen_encoder,20k,44,test,6,0.6000000000000001,0.7000000000000001,0.6500000000000001,544,0.6495911487761665,0.2922794117647059,0.11886880704721729
strict__M4_frozen__frozen_encoder__20k__seed44,M4_frozen,frozen_encoder,20k,44,test,7,0.7000000000000001,0.8,0.75,582,0.7502313276746428,0.359106529209622,0.11886880704721729
strict__M4_frozen__frozen_encoder__20k__seed44,M4_frozen,frozen_encoder,20k,44,test,8,0.8,0.9,0.8500000000000001,669,0.8509207853465515,0.40956651718983555,0.11886880704721729
strict__M4_frozen__frozen_encoder__20k__seed44,M4_frozen,frozen_encoder,20k,44,test,9,0.9,1.0,0.95,865,0.9539742495283227,0.4635838150289017,0.11886880704721729
strict__M4_frozen__frozen_encoder__20k__seed44,M4_frozen,frozen_encoder,20k,44,val,0,0.0,0.1,0.05,2922,0.02167011580708203,0.05612594113620808,0.06343627973883528
strict__M4_frozen__frozen_encoder__20k__seed44,M4_frozen,frozen_encoder,20k,44,val,1,0.1,0.2,0.15000000000000002,613,0.1465545767890882,0.2137030995106036,0.06343627973883528
strict__M4_frozen__frozen_encoder__20k__seed44,M4_frozen,frozen_encoder,20k,44,val,2,0.2,0.30000000000000004,0.25,423,0.24922877430352194,0.2553191489361702,0.06343627973883528
strict__M4_frozen__frozen_encoder__20k__seed44,M4_frozen,frozen_encoder,20k,44,val,3,0.30000000000000004,0.4,0.35000000000000003,346,0.3481066457798026,0.3352601156069364,0.06343627973883528
strict__M4_frozen__frozen_encoder__20k__seed44,M4_frozen,frozen_encoder,20k,44,val,4,0.4,0.5,0.45,343,0.44810515146908886,0.39067055393586003,0.06343627973883528
strict__M4_frozen__frozen_encoder__20k__seed44,M4_frozen,frozen_encoder,20k,44,val,5,0.5,0.6000000000000001,0.55,319,0.5511318512471118,0.45141065830721006,0.06343627973883528
strict__M4_frozen__frozen_encoder__20k__seed44,M4_frozen,frozen_encoder,20k,44,val,6,0.6000000000000001,0.7000000000000001,0.6500000000000001,325,0.6489904807164119,0.49846153846153846,0.06343627973883528
strict__M4_frozen__frozen_encoder__20k__seed44,M4_frozen,frozen_encoder,20k,44,val,7,0.7000000000000001,0.8,0.75,358,0.7530774878722996,0.6005586592178771,0.06343627973883528
strict__M4_frozen__frozen_encoder__20k__seed44,M4_frozen,frozen_encoder,20k,44,val,8,0.8,0.9,0.8500000000000001,456,0.8488805856098208,0.7456140350877193,0.06343627973883528
strict__M4_frozen__frozen_encoder__20k__seed44,M4_frozen,frozen_encoder,20k,44,val,9,0.9,1.0,0.95,735,0.9577098476643465,0.8448979591836735,0.06343627973883528
strict__M4_frozen__frozen_encoder__40k__seed42,M4_frozen,frozen_encoder,40k,42,test,0,0.0,0.1,0.05,6942,0.01959044125838763,0.032843560933448576,0.1590092046732573
strict__M4_frozen__frozen_encoder__40k__seed42,M4_frozen,frozen_encoder,40k,42,test,1,0.1,0.2,0.15000000000000002,1221,0.14411363558482188,0.10728910728910729,0.1590092046732573
strict__M4_frozen__frozen_encoder__40k__seed42,M4_frozen,frozen_encoder,40k,42,test,2,0.2,0.30000000000000004,0.25,805,0.24762264762235725,0.1267080745341615,0.1590092046732573
strict__M4_frozen__frozen_encoder__40k__seed42,M4_frozen,frozen_encoder,40k,42,test,3,0.30000000000000004,0.4,0.35000000000000003,648,0.3496636786026719,0.16049382716049382,0.1590092046732573
strict__M4_frozen__frozen_encoder__40k__seed42,M4_frozen,frozen_encoder,40k,42,test,4,0.4,0.5,0.45,621,0.44723864454002193,0.18518518518518517,0.1590092046732573
strict__M4_frozen__frozen_encoder__40k__seed42,M4_frozen,frozen_encoder,40k,42,test,5,0.5,0.6000000000000001,0.55,588,0.5504351382961079,0.20408163265306123,0.1590092046732573
strict__M4_frozen__frozen_encoder__40k__seed42,M4_frozen,frozen_encoder,40k,42,test,6,0.6000000000000001,0.7000000000000001,0.6500000000000001,609,0.6506548663861255,0.23645320197044334,0.1590092046732573
strict__M4_frozen__frozen_encoder__40k__seed42,M4_frozen,frozen_encoder,40k,42,test,7,0.7000000000000001,0.8,0.75,716,0.7525694241237374,0.2723463687150838,0.1590092046732573
strict__M4_frozen__frozen_encoder__40k__seed42,M4_frozen,frozen_encoder,40k,42,test,8,0.8,0.9,0.8500000000000001,921,0.8526787396103759,0.3322475570032573,0.1590092046732573
strict__M4_frozen__frozen_encoder__40k__seed42,M4_frozen,frozen_encoder,40k,42,test,9,0.9,1.0,0.95,1191,0.9539113149334661,0.5600335852225021,0.1590092046732573
strict__M4_frozen__frozen_encoder__40k__seed42,M4_frozen,frozen_encoder,40k,42,val,0,0.0,0.1,0.05,2714,0.0212544251368594,0.03758290346352248,0.08080664109871437
strict__M4_frozen__frozen_encoder__40k__seed42,M4_frozen,frozen_encoder,40k,42,val,1,0.1,0.2,0.15000000000000002,541,0.14433817245933794,0.1478743068391867,0.08080664109871437
strict__M4_frozen__frozen_encoder__40k__seed42,M4_frozen,frozen_encoder,40k,42,val,2,0.2,0.30000000000000004,0.25,408,0.2494993537080054,0.20833333333333334,0.08080664109871437
strict__M4_frozen__frozen_encoder__40k__seed42,M4_frozen,frozen_encoder,40k,42,val,3,0.30000000000000004,0.4,0.35000000000000003,306,0.3441578798434314,0.24836601307189543,0.08080664109871437
strict__M4_frozen__frozen_encoder__40k__seed42,M4_frozen,frozen_encoder,40k,42,val,4,0.4,0.5,0.45,297,0.4532309439447191,0.28619528619528617,0.08080664109871437
strict__M4_frozen__frozen_encoder__40k__seed42,M4_frozen,frozen_encoder,40k,42,val,5,0.5,0.6000000000000001,0.55,286,0.5519355729326502,0.44405594405594406,0.08080664109871437
strict__M4_frozen__frozen_encoder__40k__seed42,M4_frozen,frozen_encoder,40k,42,val,6,0.6000000000000001,0.7000000000000001,0.6500000000000001,286,0.6512791699879653,0.43356643356643354,0.08080664109871437
strict__M4_frozen__frozen_encoder__40k__seed42,M4_frozen,frozen_encoder,40k,42,val,7,0.7000000000000001,0.8,0.75,427,0.7527830423460073,0.5269320843091335,0.08080664109871437
strict__M4_frozen__frozen_encoder__40k__seed42,M4_frozen,frozen_encoder,40k,42,val,8,0.8,0.9,0.8500000000000001,540,0.8547696940324925,0.6888888888888889,0.08080664109871437
strict__M4_frozen__frozen_encoder__40k__seed42,M4_frozen,frozen_encoder,40k,42,val,9,0.9,1.0,0.95,1035,0.9571380077352847,0.8299516908212561,0.08080664109871437
strict__M4_frozen__frozen_encoder__40k__seed43,M4_frozen,frozen_encoder,40k,43,test,0,0.0,0.1,0.05,6418,0.022786110186823583,0.021346213773761297,0.15452855221677358
strict__M4_frozen__frozen_encoder__40k__seed43,M4_frozen,frozen_encoder,40k,43,test,1,0.1,0.2,0.15000000000000002,1350,0.14578085860168494,0.09851851851851852,0.15452855221677358
strict__M4_frozen__frozen_encoder__40k__seed43,M4_frozen,frozen_encoder,40k,43,test,2,0.2,0.30000000000000004,0.25,927,0.24835112745579263,0.1423948220064725,0.15452855221677358
strict__M4_frozen__frozen_encoder__40k__seed43,M4_frozen,frozen_encoder,40k,43,test,3,0.30000000000000004,0.4,0.35000000000000003,772,0.35018997593092793,0.16062176165803108,0.15452855221677358
strict__M4_frozen__frozen_encoder__40k__seed43,M4_frozen,frozen_encoder,40k,43,test,4,0.4,0.5,0.45,686,0.4498879745732939,0.20262390670553937,0.15452855221677358
strict__M4_frozen__frozen_encoder__40k__seed43,M4_frozen,frozen_encoder,40k,43,test,5,0.5,0.6000000000000001,0.55,702,0.5497617239286418,0.25925925925925924,0.15452855221677358
strict__M4_frozen__frozen_encoder__40k__seed43,M4_frozen,frozen_encoder,40k,43,test,6,0.6000000000000001,0.7000000000000001,0.6500000000000001,720,0.6521994546883636,0.275,0.15452855221677358
strict__M4_frozen__frozen_encoder__40k__seed43,M4_frozen,frozen_encoder,40k,43,test,7,0.7000000000000001,0.8,0.75,759,0.7512066435751079,0.3372859025032938,0.15452855221677358
strict__M4_frozen__frozen_encoder__40k__seed43,M4_frozen,frozen_encoder,40k,43,test,8,0.8,0.9,0.8500000000000001,895,0.8518508440289417,0.38994413407821227,0.15452855221677358
strict__M4_frozen__frozen_encoder__40k__seed43,M4_frozen,frozen_encoder,40k,43,test,9,0.9,1.0,0.95,1033,0.9443957452506317,0.44724104549854793,0.15452855221677358
strict__M4_frozen__frozen_encoder__40k__seed43,M4_frozen,frozen_encoder,40k,43,val,0,0.0,0.1,0.05,2431,0.02364255722153891,0.028383381324557796,0.08036611963753007
strict__M4_frozen__frozen_encoder__40k__seed43,M4_frozen,frozen_encoder,40k,43,val,1,0.1,0.2,0.15000000000000002,601,0.14630835814503781,0.11813643926788686,0.08036611963753007
strict__M4_frozen__frozen_encoder__40k__seed43,M4_frozen,frozen_encoder,40k,43,val,2,0.2,0.30000000000000004,0.25,456,0.2502423319638821,0.20175438596491227,0.08036611963753007
strict__M4_frozen__frozen_encoder__40k__seed43,M4_frozen,frozen_encoder,40k,43,val,3,0.30000000000000004,0.4,0.35000000000000003,383,0.3491346593313989,0.23237597911227154,0.08036611963753007
strict__M4_frozen__frozen_encoder__40k__seed43,M4_frozen,frozen_encoder,40k,43,val,4,0.4,0.5,0.45,369,0.44654601408537165,0.3224932249322493,0.08036611963753007
strict__M4_frozen__frozen_encoder__40k__seed43,M4_frozen,frozen_encoder,40k,43,val,5,0.5,0.6000000000000001,0.55,298,0.5523968616988035,0.3422818791946309,0.08036611963753007
strict__M4_frozen__frozen_encoder__40k__seed43,M4_frozen,frozen_encoder,40k,43,val,6,0.6000000000000001,0.7000000000000001,0.6500000000000001,321,0.6499957171184623,0.45794392523364486,0.08036611963753007
strict__M4_frozen__frozen_encoder__40k__seed43,M4_frozen,frozen_encoder,40k,43,val,7,0.7000000000000001,0.8,0.75,435,0.7518497360163722,0.5586206896551724,0.08036611963753007
strict__M4_frozen__frozen_encoder__40k__seed43,M4_frozen,frozen_encoder,40k,43,val,8,0.8,0.9,0.8500000000000001,681,0.8534250581492061,0.6828193832599119,0.08036611963753007
strict__M4_frozen__frozen_encoder__40k__seed43,M4_frozen,frozen_encoder,40k,43,val,9,0.9,1.0,0.95,865,0.9504548495215488,0.8531791907514451,0.08036611963753007
strict__M4_frozen__frozen_encoder__40k__seed44,M4_frozen,frozen_encoder,40k,44,test,0,0.0,0.1,0.05,7375,0.018948788184100118,0.03010169491525424,0.14232706074412313
strict__M4_frozen__frozen_encoder__40k__seed44,M4_frozen,frozen_encoder,40k,44,test,1,0.1,0.2,0.15000000000000002,1182,0.14485364181640387,0.116751269035533,0.14232706074412313
strict__M4_frozen__frozen_encoder__40k__seed44,M4_frozen,frozen_encoder,40k,44,test,2,0.2,0.30000000000000004,0.25,766,0.24742876701348757,0.1514360313315927,0.14232706074412313
strict__M4_frozen__frozen_encoder__40k__seed44,M4_frozen,frozen_encoder,40k,44,test,3,0.30000000000000004,0.4,0.35000000000000003,632,0.34911450526759596,0.2088607594936709,0.14232706074412313
strict__M4_frozen__frozen_encoder__40k__seed44,M4_frozen,frozen_encoder,40k,44,test,4,0.4,0.5,0.45,560,0.44739406438810486,0.20714285714285716,0.14232706074412313
strict__M4_frozen__frozen_encoder__40k__seed44,M4_frozen,frozen_encoder,40k,44,test,5,0.5,0.6000000000000001,0.55,514,0.5505880355139187,0.25486381322957197,0.14232706074412313
strict__M4_frozen__frozen_encoder__40k__seed44,M4_frozen,frozen_encoder,40k,44,test,6,0.6000000000000001,0.7000000000000001,0.6500000000000001,537,0.6522207041470476,0.2811918063314711,0.14232706074412313
strict__M4_frozen__frozen_encoder__40k__seed44,M4_frozen,frozen_encoder,40k,44,test,7,0.7000000000000001,0.8,0.75,601,0.7525073170860278,0.3261231281198003,0.14232706074412313
strict__M4_frozen__frozen_encoder__40k__seed44,M4_frozen,frozen_encoder,40k,44,test,8,0.8,0.9,0.8500000000000001,792,0.8518865564555833,0.369949494949495,0.14232706074412313
strict__M4_frozen__frozen_encoder__40k__seed44,M4_frozen,frozen_encoder,40k,44,test,9,0.9,1.0,0.95,1303,0.9558645824881031,0.47352264006139677,0.14232706074412313
strict__M4_frozen__frozen_encoder__40k__seed44,M4_frozen,frozen_encoder,40k,44,val,0,0.0,0.1,0.05,2867,0.021613760653228363,0.04185559818625741,0.07660862233511809
strict__M4_frozen__frozen_encoder__40k__seed44,M4_frozen,frozen_encoder,40k,44,val,1,0.1,0.2,0.15000000000000002,523,0.1437115863136534,0.1835564053537285,0.07660862233511809
strict__M4_frozen__frozen_encoder__40k__seed44,M4_frozen,frozen_encoder,40k,44,val,2,0.2,0.30000000000000004,0.25,385,0.2452384441703945,0.2701298701298701,0.07660862233511809
strict__M4_frozen__frozen_encoder__40k__seed44,M4_frozen,frozen_encoder,40k,44,val,3,0.30000000000000004,0.4,0.35000000000000003,356,0.3482732369323795,0.2893258426966292,0.07660862233511809
strict__M4_frozen__frozen_encoder__40k__seed44,M4_frozen,frozen_encoder,40k,44,val,4,0.4,0.5,0.45,286,0.4494564974016243,0.3006993006993007,0.07660862233511809
strict__M4_frozen__frozen_encoder__40k__seed44,M4_frozen,frozen_encoder,40k,44,val,5,0.5,0.6000000000000001,0.55,271,0.5482194304906134,0.42066420664206644,0.07660862233511809
strict__M4_frozen__frozen_encoder__40k__seed44,M4_frozen,frozen_encoder,40k,44,val,6,0.6000000000000001,0.7000000000000001,0.6500000000000001,294,0.6523398031182841,0.41496598639455784,0.07660862233511809
strict__M4_frozen__frozen_encoder__40k__seed44,M4_frozen,frozen_encoder,40k,44,val,7,0.7000000000000001,0.8,0.75,351,0.7551611816441571,0.5612535612535613,0.07660862233511809
strict__M4_frozen__frozen_encoder__40k__seed44,M4_frozen,frozen_encoder,40k,44,val,8,0.8,0.9,0.8500000000000001,498,0.8530157016941822,0.7048192771084337,0.07660862233511809
strict__M4_frozen__frozen_encoder__40k__seed44,M4_frozen,frozen_encoder,40k,44,val,9,0.9,1.0,0.95,1009,0.9591664981440344,0.8344895936570862,0.07660862233511809
strict__M4_frozen__frozen_encoder__full__seed42,M4_frozen,frozen_encoder,full,42,test,0,0.0,0.1,0.05,6524,0.019611557691268384,0.028816676885346414,0.17114327933408383
strict__M4_frozen__frozen_encoder__full__seed42,M4_frozen,frozen_encoder,full,42,test,1,0.1,0.2,0.15000000000000002,1186,0.14728909777398858,0.0851602023608769,0.17114327933408383
strict__M4_frozen__frozen_encoder__full__seed42,M4_frozen,frozen_encoder,full,42,test,2,0.2,0.30000000000000004,0.25,860,0.24755592976891716,0.12674418604651164,0.17114327933408383
strict__M4_frozen__frozen_encoder__full__seed42,M4_frozen,frozen_encoder,full,42,test,3,0.30000000000000004,0.4,0.35000000000000003,680,0.3475274498848354,0.13529411764705881,0.17114327933408383
strict__M4_frozen__frozen_encoder__full__seed42,M4_frozen,frozen_encoder,full,42,test,4,0.4,0.5,0.45,671,0.44971942621798167,0.18479880774962743,0.17114327933408383
strict__M4_frozen__frozen_encoder__full__seed42,M4_frozen,frozen_encoder,full,42,test,5,0.5,0.6000000000000001,0.55,653,0.5517148057863139,0.21592649310872894,0.17114327933408383
strict__M4_frozen__frozen_encoder__full__seed42,M4_frozen,frozen_encoder,full,42,test,6,0.6000000000000001,0.7000000000000001,0.6500000000000001,717,0.6517167758908398,0.2315202231520223,0.17114327933408383
strict__M4_frozen__frozen_encoder__full__seed42,M4_frozen,frozen_encoder,full,42,test,7,0.7000000000000001,0.8,0.75,820,0.7524029946181833,0.3121951219512195,0.17114327933408383
strict__M4_frozen__frozen_encoder__full__seed42,M4_frozen,frozen_encoder,full,42,test,8,0.8,0.9,0.8500000000000001,1041,0.8526073752631371,0.3765609990393852,0.17114327933408383
strict__M4_frozen__frozen_encoder__full__seed42,M4_frozen,frozen_encoder,full,42,test,9,0.9,1.0,0.95,1110,0.9432814883219229,0.4891891891891892,0.17114327933408383
strict__M4_frozen__frozen_encoder__full__seed42,M4_frozen,frozen_encoder,full,42,val,0,0.0,0.1,0.05,2700,0.020274467495523894,0.03185185185185185,0.07419663563449189
strict__M4_frozen__frozen_encoder__full__seed42,M4_frozen,frozen_encoder,full,42,val,1,0.1,0.2,0.15000000000000002,540,0.14673379724500357,0.15185185185185185,0.07419663563449189
strict__M4_frozen__frozen_encoder__full__seed42,M4_frozen,frozen_encoder,full,42,val,2,0.2,0.30000000000000004,0.25,385,0.2499212952403279,0.21038961038961038,0.07419663563449189
strict__M4_frozen__frozen_encoder__full__seed42,M4_frozen,frozen_encoder,full,42,val,3,0.30000000000000004,0.4,0.35000000000000003,344,0.34955642415687094,0.2180232558139535,0.07419663563449189
strict__M4_frozen__frozen_encoder__full__seed42,M4_frozen,frozen_encoder,full,42,val,4,0.4,0.5,0.45,277,0.45108381311816,0.37184115523465705,0.07419663563449189
strict__M4_frozen__frozen_encoder__full__seed42,M4_frozen,frozen_encoder,full,42,val,5,0.5,0.6000000000000001,0.55,327,0.5494984240706907,0.37003058103975534,0.07419663563449189
strict__M4_frozen__frozen_encoder__full__seed42,M4_frozen,frozen_encoder,full,42,val,6,0.6000000000000001,0.7000000000000001,0.6500000000000001,345,0.6501538167829098,0.4289855072463768,0.07419663563449189
strict__M4_frozen__frozen_encoder__full__seed42,M4_frozen,frozen_encoder,full,42,val,7,0.7000000000000001,0.8,0.75,408,0.7514841967061454,0.5392156862745098,0.07419663563449189
strict__M4_frozen__frozen_encoder__full__seed42,M4_frozen,frozen_encoder,full,42,val,8,0.8,0.9,0.8500000000000001,546,0.8537732902027312,0.6978021978021978,0.07419663563449189
strict__M4_frozen__frozen_encoder__full__seed42,M4_frozen,frozen_encoder,full,42,val,9,0.9,1.0,0.95,968,0.9527997474286182,0.8657024793388429,0.07419663563449189
strict__M4_frozen__frozen_encoder__full__seed43,M4_frozen,frozen_encoder,full,43,test,0,0.0,0.1,0.05,6788,0.019394652159134263,0.020624631703005304,0.1532572817177852
strict__M4_frozen__frozen_encoder__full__seed43,M4_frozen,frozen_encoder,full,43,test,1,0.1,0.2,0.15000000000000002,1161,0.14520432464425467,0.09732988802756244,0.1532572817177852
strict__M4_frozen__frozen_encoder__full__seed43,M4_frozen,frozen_encoder,full,43,test,2,0.2,0.30000000000000004,0.25,796,0.24580742658382684,0.15452261306532664,0.1532572817177852
strict__M4_frozen__frozen_encoder__full__seed43,M4_frozen,frozen_encoder,full,43,test,3,0.30000000000000004,0.4,0.35000000000000003,686,0.34811710507633387,0.15014577259475217,0.1532572817177852
strict__M4_frozen__frozen_encoder__full__seed43,M4_frozen,frozen_encoder,full,43,test,4,0.4,0.5,0.45,645,0.4497148329435393,0.1937984496124031,0.1532572817177852
strict__M4_frozen__frozen_encoder__full__seed43,M4_frozen,frozen_encoder,full,43,test,5,0.5,0.6000000000000001,0.55,637,0.552012636672758,0.25588697017268447,0.1532572817177852
strict__M4_frozen__frozen_encoder__full__seed43,M4_frozen,frozen_encoder,full,43,test,6,0.6000000000000001,0.7000000000000001,0.6500000000000001,679,0.6506319148726597,0.2812960235640648,0.1532572817177852
strict__M4_frozen__frozen_encoder__full__seed43,M4_frozen,frozen_encoder,full,43,test,7,0.7000000000000001,0.8,0.75,857,0.7493390403383671,0.3337222870478413,0.1532572817177852
strict__M4_frozen__frozen_encoder__full__seed43,M4_frozen,frozen_encoder,full,43,test,8,0.8,0.9,0.8500000000000001,904,0.8523385573541169,0.3805309734513274,0.1532572817177852
strict__M4_frozen__frozen_encoder__full__seed43,M4_frozen,frozen_encoder,full,43,test,9,0.9,1.0,0.95,1109,0.9469595885792759,0.47249774571686204,0.1532572817177852
strict__M4_frozen__frozen_encoder__full__seed43,M4_frozen,frozen_encoder,full,43,val,0,0.0,0.1,0.05,2569,0.02187852061424814,0.03036200856364344,0.07715451833078102
strict__M4_frozen__frozen_encoder__full__seed43,M4_frozen,frozen_encoder,full,43,val,1,0.1,0.2,0.15000000000000002,567,0.14579391182520193,0.1146384479717813,0.07715451833078102
strict__M4_frozen__frozen_encoder__full__seed43,M4_frozen,frozen_encoder,full,43,val,2,0.2,0.30000000000000004,0.25,402,0.24954109171878047,0.20149253731343283,0.07715451833078102
strict__M4_frozen__frozen_encoder__full__seed43,M4_frozen,frozen_encoder,full,43,val,3,0.30000000000000004,0.4,0.35000000000000003,334,0.35080639625380855,0.18562874251497005,0.07715451833078102
strict__M4_frozen__frozen_encoder__full__seed43,M4_frozen,frozen_encoder,full,43,val,4,0.4,0.5,0.45,332,0.4487622654043048,0.2891566265060241,0.07715451833078102
strict__M4_frozen__frozen_encoder__full__seed43,M4_frozen,frozen_encoder,full,43,val,5,0.5,0.6000000000000001,0.55,347,0.5521250829229437,0.41786743515850144,0.07715451833078102
strict__M4_frozen__frozen_encoder__full__seed43,M4_frozen,frozen_encoder,full,43,val,6,0.6000000000000001,0.7000000000000001,0.6500000000000001,361,0.6508209170396969,0.4792243767313019,0.07715451833078102
strict__M4_frozen__frozen_encoder__full__seed43,M4_frozen,frozen_encoder,full,43,val,7,0.7000000000000001,0.8,0.75,465,0.7528828755501777,0.5612903225806452,0.07715451833078102
strict__M4_frozen__frozen_encoder__full__seed43,M4_frozen,frozen_encoder,full,43,val,8,0.8,0.9,0.8500000000000001,575,0.8527085848476575,0.671304347826087,0.07715451833078102
strict__M4_frozen__frozen_encoder__full__seed43,M4_frozen,frozen_encoder,full,43,val,9,0.9,1.0,0.95,888,0.9536847086237358,0.8873873873873874,0.07715451833078102
strict__M4_frozen__frozen_encoder__full__seed44,M4_frozen,frozen_encoder,full,44,test,0,0.0,0.1,0.05,6962,0.017061751184320514,0.024130996839988508,0.1703643955496154
strict__M4_frozen__frozen_encoder__full__seed44,M4_frozen,frozen_encoder,full,44,test,1,0.1,0.2,0.15000000000000002,1042,0.14611263643957373,0.1036468330134357,0.1703643955496154
strict__M4_frozen__frozen_encoder__full__seed44,M4_frozen,frozen_encoder,full,44,test,2,0.2,0.30000000000000004,0.25,735,0.24762339867702146,0.11972789115646258,0.1703643955496154
strict__M4_frozen__frozen_encoder__full__seed44,M4_frozen,frozen_encoder,full,44,test,3,0.30000000000000004,0.4,0.35000000000000003,575,0.3505898015395455,0.14956521739130435,0.1703643955496154
strict__M4_frozen__frozen_encoder__full__seed44,M4_frozen,frozen_encoder,full,44,test,4,0.4,0.5,0.45,562,0.4475163375673769,0.19750889679715303,0.1703643955496154
strict__M4_frozen__frozen_encoder__full__seed44,M4_frozen,frozen_encoder,full,44,test,5,0.5,0.6000000000000001,0.55,548,0.5492195811149848,0.23175182481751824,0.1703643955496154
strict__M4_frozen__frozen_encoder__full__seed44,M4_frozen,frozen_encoder,full,44,test,6,0.6000000000000001,0.7000000000000001,0.6500000000000001,596,0.6532761496585487,0.25838926174496646,0.1703643955496154
strict__M4_frozen__frozen_encoder__full__seed44,M4_frozen,frozen_encoder,full,44,test,7,0.7000000000000001,0.8,0.75,728,0.7521303996934996,0.3269230769230769,0.1703643955496154
strict__M4_frozen__frozen_encoder__full__seed44,M4_frozen,frozen_encoder,full,44,test,8,0.8,0.9,0.8500000000000001,979,0.8524555117652901,0.3861082737487232,0.1703643955496154
strict__M4_frozen__frozen_encoder__full__seed44,M4_frozen,frozen_encoder,full,44,test,9,0.9,1.0,0.95,1535,0.9542314303814394,0.4260586319218241,0.1703643955496154
strict__M4_frozen__frozen_encoder__full__seed44,M4_frozen,frozen_encoder,full,44,val,0,0.0,0.1,0.05,2688,0.019102053753033265,0.035342261904761904,0.10035792532428162
strict__M4_frozen__frozen_encoder__full__seed44,M4_frozen,frozen_encoder,full,44,val,1,0.1,0.2,0.15000000000000002,472,0.14482971268185116,0.11652542372881355,0.10035792532428162
strict__M4_frozen__frozen_encoder__full__seed44,M4_frozen,frozen_encoder,full,44,val,2,0.2,0.30000000000000004,0.25,363,0.24911408393179418,0.20110192837465565,0.10035792532428162
strict__M4_frozen__frozen_encoder__full__seed44,M4_frozen,frozen_encoder,full,44,val,3,0.30000000000000004,0.4,0.35000000000000003,303,0.3503685136242668,0.24092409240924093,0.10035792532428162
strict__M4_frozen__frozen_encoder__full__seed44,M4_frozen,frozen_encoder,full,44,val,4,0.4,0.5,0.45,280,0.45175779557653833,0.3107142857142857,0.10035792532428162
strict__M4_frozen__frozen_encoder__full__seed44,M4_frozen,frozen_encoder,full,44,val,5,0.5,0.6000000000000001,0.55,256,0.5517095874529332,0.3203125,0.10035792532428162
strict__M4_frozen__frozen_encoder__full__seed44,M4_frozen,frozen_encoder,full,44,val,6,0.6000000000000001,0.7000000000000001,0.6500000000000001,310,0.654583934045607,0.44516129032258067,0.10035792532428162
strict__M4_frozen__frozen_encoder__full__seed44,M4_frozen,frozen_encoder,full,44,val,7,0.7000000000000001,0.8,0.75,387,0.7502733083966474,0.4496124031007752,0.10035792532428162
strict__M4_frozen__frozen_encoder__full__seed44,M4_frozen,frozen_encoder,full,44,val,8,0.8,0.9,0.8500000000000001,510,0.8532953555677452,0.6058823529411764,0.10035792532428162
strict__M4_frozen__frozen_encoder__full__seed44,M4_frozen,frozen_encoder,full,44,val,9,0.9,1.0,0.95,1271,0.9611782650137211,0.8253343823760818,0.10035792532428162
